Model,Suction,Discharge,Dia,Qbep,Hbep
250×200 R2D 70,250,200,700,0.14075,211.44997
300×250 R2D 70,300,250,700,0.31747,191.92361
